{
  "cv_metric": "aucpr",
  "val_auc_roc": 0.7602448042840751,
  "val_auc_pr": 0.6778096952607273,
  "best_threshold": {
    "threshold": 0.46,
    "value": 0.7206896551724139,
    "precision": 0.6391437308868502,
    "recall": 0.8260869565217391,
    "f1": 0.7206896551724139
  },
  "model_dir": "data/models/latest_model",
  "coefficients_csv": "data/models/latest_model/coefficients.csv"
}